Title,Author
"5,000 Awesome Facts (About Everything!) (National Geographic Kids)",National Geographic Kids
Alexander Hamilton,Ron Chernow
Barefoot Contessa Foolproof: Recipes You Can Trust: A Cookbook,Ina Garten
Becoming,Michelle Obama
Becoming,Michelle Obama
Being Mortal: Medicine and What Matters in the End,Atul Gawande
"Brown Bear, Brown Bear, What Do You See?",Bill Martin Jr.
"Brown Bear, Brown Bear, What Do You See?",Bill Martin Jr.
"Cabin Fever (Diary of a Wimpy Kid, Book 6)",Jeff Kinney
Can't Hurt Me: Master Your Mind and Defy the Odds,David Goggins
Creative Haven Creative Cats Coloring Book (Adult Coloring),Marjorie Sarnat
Creative Haven Owls Coloring Book (Adult Coloring),Marjorie Sarnat
"Daring Greatly: How the Courage to Be Vulnerable Transforms the Way We Live, Love, Parent, and Lead",Brené Brown
Dear Zoo: A Lift-the-Flap Book,Rod Campbell
Dear Zoo: A Lift-the-Flap Book,Rod Campbell
Dear Zoo: A Lift-the-Flap Book,Rod Campbell
Dear Zoo: A Lift-the-Flap Book,Rod Campbell
"Diary of a Wimpy Kid: Hard Luck, Book 8",Jeff Kinney
Diary of a Wimpy Kid: The Last Straw (Book 3),Jeff Kinney
Diary of a Wimpy Kid: The Long Haul,Jeff Kinney
"Dog Days (Diary of a Wimpy Kid, Book 4) (Volume 4)",Jeff Kinney
Dog Man and Cat Kid: From the Creator of Captain Underpants (Dog Man #4),Dav Pilkey
Dog Man: A Tale of Two Kitties: From the Creator of Captain Underpants (Dog Man #3),Dav Pilkey
Dog Man: Brawl of the Wild: From the Creator of Captain Underpants (Dog Man #6),Dav Pilkey
Dog Man: Brawl of the Wild: From the Creator of Captain Underpants (Dog Man #6),Dav Pilkey
Dog Man: Fetch-22: From the Creator of Captain Underpants (Dog Man #8),Dav Pilkey
Dog Man: For Whom the Ball Rolls: From the Creator of Captain Underpants (Dog Man #7),Dav Pilkey
Dog Man: Lord of the Fleas: From the Creator of Captain Underpants (Dog Man #5),Dav Pilkey
Double Down (Diary of a Wimpy Kid #11),Jeff Kinney
Giraffes Can't Dance,Giles Andreae
Giraffes Can't Dance,Giles Andreae
Giraffes Can't Dance,Giles Andreae
Giraffes Can't Dance,Giles Andreae
Giraffes Can't Dance,Giles Andreae
Go the F**k to Sleep,Adam Mansbach
Goodnight Moon,Margaret Wise Brown
Goodnight Moon,Margaret Wise Brown
Goodnight Moon,Margaret Wise Brown
"Goodnight, Goodnight Construction Site (Hardcover Books for Toddlers, Preschool Books for Kids)",Sherri Duskey Rinker
"Goodnight, Goodnight Construction Site (Hardcover Books for Toddlers, Preschool Books for Kids)",Sherri Duskey Rinker
Guts,Raina Telgemeier
Hamilton: The Revolution,Lin-Manuel Miranda
"Happy, Happy, Happy: My Life and Legacy as the Duck Commander",Phil Robertson
"Harry Potter and the Chamber of Secrets: The Illustrated Edition (Harry Potter, Book 2)",J.K. Rowling
"Harry Potter and the Goblet of Fire: The Illustrated Edition (Harry Potter, Book 4) (4)",J. K. Rowling
"Harry Potter and the Prisoner of Azkaban: The Illustrated Edition (Harry Potter, Book 3)",J.K. Rowling
"Harry Potter and the Sorcerer's Stone: The Illustrated Edition (Harry Potter, Book 1)",J.K. Rowling
Harry Potter Paperback Box Set (Books 1-7),J. K. Rowling
Have a Little Faith: A True Story,Mitch Albom
Homebody: A Guide to Creating Spaces You Never Want to Leave,Joanna Gaines
Humans of New York,Brandon Stanton
Humans of New York,Brandon Stanton
Humans of New York : Stories,Brandon Stanton
"I Am Confident, Brave & Beautiful: A Coloring Book for Girls",Hopscotch Girls
If Animals Kissed Good Night,Ann Whitford Paul
If Animals Kissed Good Night,Ann Whitford Paul
It's Not Supposed to Be This Way: Finding Unexpected Strength When Disappointments Leave You Shattered,Lysa TerKeurst
Jesus Calling: Enjoying Peace in His Presence (with Scripture References),Sarah Young
Jesus Calling: Enjoying Peace in His Presence (with Scripture References),Sarah Young
Jesus Calling: Enjoying Peace in His Presence (with Scripture References),Sarah Young
Jesus Calling: Enjoying Peace in His Presence (with Scripture References),Sarah Young
Jesus Calling: Enjoying Peace in His Presence (with Scripture References),Sarah Young
Jesus Calling: Enjoying Peace in His Presence (with Scripture References),Sarah Young
Killing the Rising Sun: How America Vanquished World War II Japan (Bill O'Reilly's Killing Series),Bill O'Reilly
Kitchen Confidential Updated Edition: Adventures in the Culinary Underbelly (P.S.),Anthony Bourdain
"Last Week Tonight with John Oliver Presents A Day in the Life of Marlon Bundo (Better Bundo Book, LGBT Childrens Book)",Jill Twiss
Liberty and Tyranny: A Conservative Manifesto,Mark R. Levin
Little Blue Truck,Alice Schertle
Love You Forever,Robert Munsch
Love You Forever,Robert Munsch
Magnolia Table: A Collection of Recipes for Gathering,Joanna Gaines
"Mastering the Art of French Cooking, Vol. 2",Julia Child
"National Geographic Kids Why?: Over 1,111 Answers to Everything",Crispin Boyer
National Geographic Little Kids First Big Book of Why (National Geographic Little Kids First Big Books),Amy Shields
Obama: An Intimate Portrait,Pete Souza
"Oh, the Places You'll Go!",Dr. Seuss
"Oh, the Places You'll Go!",Dr. Seuss
"Oh, the Places You'll Go!",Dr. Seuss
"Oh, the Places You'll Go!",Dr. Seuss
"Oh, the Places You'll Go!",Dr. Seuss
"Oh, the Places You'll Go!",Dr. Seuss
"Oh, the Places You'll Go!",Dr. Seuss
"Oh, the Places You'll Go!",Dr. Seuss
Old School (Diary of a Wimpy Kid #10),Jeff Kinney
Percy Jackson and the Olympians Paperback Boxed Set (Books 1-3),Rick Riordan
Player's Handbook (Dungeons & Dragons),Wizards RPG Team
Player's Handbook (Dungeons & Dragons),Wizards RPG Team
Player's Handbook (Dungeons & Dragons),Wizards RPG Team
Puppy Birthday to You! (Paw Patrol) (Little Golden Book),Golden Books
Rush Revere and the Brave Pilgrims: Time-Travel Adventures with Exceptional Americans (1),Rush Limbaugh
Rush Revere and the First Patriots: Time-Travel Adventures With Exceptional Americans (2),Rush Limbaugh
"Salt, Fat, Acid, Heat: Mastering the Elements of Good Cooking",Samin Nosrat
"Salt, Fat, Acid, Heat: Mastering the Elements of Good Cooking",Samin Nosrat
"School Zone - Big Preschool Workbook - Ages 4 and Up, Colors, Shapes, Numbers 1-10, Alphabet, Pre-Writing, Pre-Reading…",School Zone
"School Zone - Big Preschool Workbook - Ages 4 and Up, Colors, Shapes, Numbers 1-10, Alphabet, Pre-Writing, Pre-Reading…",School Zone
Ship of Fools: How a Selfish Ruling Class Is Bringing America to the Brink of Revolution,Tucker Carlson
Strange Planet (Strange Planet Series),Nathan W. Pyle
The 5 Love Languages: The Secret to Love that Lasts,Gary Chapman
The 5 Love Languages: The Secret to Love that Lasts,Gary Chapman
The 5 Love Languages: The Secret to Love that Lasts,Gary Chapman
The 5 Love Languages: The Secret to Love that Lasts,Gary Chapman
The 5 Love Languages: The Secret to Love that Lasts,Gary Chapman
The 5000 Year Leap,W. Cleon Skousen
The Blood of Olympus (The Heroes of Olympus (5)),Rick Riordan
"The Body Keeps the Score: Brain, Mind, and Body in the Healing of Trauma",Bessel van der Kolk M.D.
The Book with No Pictures,B. J. Novak
The Book with No Pictures,B. J. Novak
The Boys in the Boat: Nine Americans and Their Epic Quest for Gold at the 1936 Berlin Olympics,Daniel James Brown
The Boys in the Boat: Nine Americans and Their Epic Quest for Gold at the 1936 Berlin Olympics,Daniel James Brown
The Constitution of the United States,Delegates of the Constitutional
The Day the Crayons Quit,Drew Daywalt
The Day the Crayons Quit,Drew Daywalt
The Day the Crayons Quit,Drew Daywalt
The Getaway,Jeff Kinney
The Going-To-Bed Book,Sandra Boynton
The Going-To-Bed Book,Sandra Boynton
The Hate U Give,Angie Thomas
The Help,Kathryn Stockett
The Help,Kathryn Stockett
The Help,Kathryn Stockett
The Help,Kathryn Stockett
"The House of Hades (Heroes of Olympus, Book 4)",Rick Riordan
The Hunger Games Trilogy Boxed Set (1),Suzanne Collins
The Hunger Games Trilogy Boxed Set (1),Suzanne Collins
"The Last Olympian (Percy Jackson and the Olympians, Book 5)",Rick Riordan
"The Last Olympian (Percy Jackson and the Olympians, Book 5)",Rick Riordan
The Legend of Zelda: Hyrule Historia,Patrick Thorpe
"The Lost Hero (Heroes of Olympus, Book 1)",Rick Riordan
The Love Dare,Stephen Kendrick
The Magnolia Story,Chip Gaines
"The Mark of Athena (Heroes of Olympus, Book 3)",Rick Riordan
The Meltdown (Diary of a Wimpy Kid Book 13),Jeff Kinney
The Nightingale: A Novel,Kristin Hannah
The Nightingale: A Novel,Kristin Hannah
"The Pioneer Woman Cooks: A Year of Holidays: 140 Step-by-Step Recipes for Simple, Scrumptious Celebrations",Ree Drummond
"The Pioneer Woman Cooks: Dinnertime - Comfort Classics, Freezer Food, 16-minute Meals, and Other Delicious Ways to Solve…",Ree Drummond
The Pioneer Woman Cooks: Food from My Frontier,Ree Drummond
The Pout-Pout Fish,Deborah Diesen
The Pout-Pout Fish,Deborah Diesen
"The Serpent's Shadow (The Kane Chronicles, Book 3)",Rick Riordan
"The Son of Neptune (Heroes of Olympus, Book 2)",Rick Riordan
"The Ugly Truth (Diary of a Wimpy Kid, Book 5)",Jeff Kinney
The Very Hungry Caterpillar,Eric Carle
The Very Hungry Caterpillar,Eric Carle
The Very Hungry Caterpillar,Eric Carle
The Very Hungry Caterpillar,Eric Carle
The Very Hungry Caterpillar,Eric Carle
The Very Hungry Caterpillar,Eric Carle
The Very Hungry Caterpillar,Eric Carle
The Wonderful Things You Will Be,Emily Winfield Martin
The Wonderful Things You Will Be,Emily Winfield Martin
The Wonderful Things You Will Be,Emily Winfield Martin
The Wonderful Things You Will Be,Emily Winfield Martin
The Wonky Donkey,Craig Smith
The Wonky Donkey,Craig Smith
To Kill a Mockingbird,Harper Lee
To Kill a Mockingbird,Harper Lee
To Kill a Mockingbird,Harper Lee
To Kill a Mockingbird,Harper Lee
To Kill a Mockingbird,Harper Lee
"Towers of Midnight (Wheel of Time, Book Thirteen)",Robert Jordan
"Unbroken: A World War II Story of Survival, Resilience, and Redemption",Laura Hillenbrand
"Unbroken: A World War II Story of Survival, Resilience, and Redemption",Laura Hillenbrand
"Unbroken: A World War II Story of Survival, Resilience, and Redemption",Laura Hillenbrand
"Unbroken: A World War II Story of Survival, Resilience, and Redemption",Laura Hillenbrand
"Unbroken: A World War II Story of Survival, Resilience, and Redemption",Laura Hillenbrand
Unfreedom of the Press,Mark R. Levin
Unicorn Coloring Book: For Kids Ages 4-8 (US Edition) (Silly Bear Coloring Books),Silly Bear
Watchmen,Alan Moore
What Should Danny Do? (The Power to Choose Series),Adir Levy
When Breath Becomes Air,Paul Kalanithi
Where the Crawdads Sing,Delia Owens
Where the Wild Things Are,Maurice Sendak
Wonder,R. J. Palacio
Wonder,R. J. Palacio
Wonder,R. J. Palacio
Wonder,R. J. Palacio
Wonder,R. J. Palacio
Wrecking Ball (Diary of a Wimpy Kid Book 14),Jeff Kinney
